,test-mae-mean,test-mae-std,test-rmse-mean,test-rmse-std,train-mae-mean,train-mae-std,train-rmse-mean,train-rmse-std
0,3232.7965820000004,19.837765145830467,6.329549800000001,0.00517815161616571,3232.7968262,4.958200988235471,6.3295482,0.001051944371152774
1,3227.4354980000003,19.839994164009376,5.559524000000001,0.00522058376046218,3227.4362792,4.952948067966513,5.559585,0.0007903561222638617
2,3218.9078612000003,19.84650168429511,4.949723199999999,0.005277168308856496,3218.9098142,4.940999234721477,4.9497992,0.0006628358469485325
3,3206.7408692,19.833362585168175,4.4536058,0.005005343920251766,3206.7416992000003,4.94449430784883,4.4535968,0.0008414029712331341
4,3190.7126954000005,19.802016354865042,4.0422944,0.004807025092507878,3190.7103514,4.9610702815237975,4.0422148,0.0010021679300395772
5,3170.6850586,19.813571855617386,3.6949314,0.004917868912445684,3170.6809571999997,4.935453745848526,3.6947966,0.0008116729883395204
6,3146.7865233999996,19.78777276782445,3.3979588,0.004833490184121591,3146.7797366,4.933825828195941,3.3978166,0.0007627664386953271
7,3119.2720214,19.765183267990096,3.1414796000000003,0.004766427408447584,3119.2629884000003,4.916124361307117,3.14131,0.0006743316691362033
8,3088.4865721999995,19.74590213690064,2.9175426,0.004807675679577411,3088.4710938000003,4.893393732034055,2.9173244,0.0006046250408311747
9,3054.7476560000005,19.721621308896804,2.7207158,0.004840805528008718,3054.7176758,4.864836353846366,2.7204241999999996,0.0004913232744334536
10,3018.3285644,19.73349680340945,2.5460386,0.004860276601182243,3018.2919432,4.807446261866821,2.545732,0.0004108113922471336
11,2979.6779296,19.74279066875661,2.3904188,0.004889637630745246,2979.6136232,4.745186735718439,2.3900145999999998,0.00038756656202516474
12,2939.1405274,19.734176386755333,2.250795,0.004904299990824374,2939.0534668,4.682991174548642,2.25031,0.0003613281057431749
13,2896.9220702,19.76690126301267,2.1248618,0.0049306389606216154,2896.8187988,4.599717528929069,2.1243246,0.000367750241332382
14,2853.4770019999996,19.727006142584134,2.0108018,0.00490384703676612,2853.3675294,4.5737056424218,2.0102456,0.00039833433193744305
15,2809.0230956000005,19.656077807279264,1.9071643999999999,0.00486284252675328,2808.8894532,4.552507065313663,1.9065372,0.0003413545956919305
16,2763.8888672000003,19.696773437027243,1.8125948,0.004859846022252171,2763.7300292,4.415756794538854,1.8119364,0.0003499209053486168
17,2718.2720704,19.60775301484894,1.7261552000000002,0.00478902413441409,2718.0812011999997,4.405637194713762,1.7254315999999998,0.0003730322238091084
18,2672.2861816,19.52707168016964,1.6467570000000002,0.004740385849274298,2672.0475586000002,4.404343304553069,1.6459524,0.0003466240614844949
19,2626.2215819999997,19.49148848504251,1.5737269999999999,0.004682972901907527,2625.9359862,4.370732746171416,1.5728338000000002,0.0004086726807605205
20,2580.2210938,19.400134599280747,1.5063388,0.004620724938794809,2579.8890626,4.354308297260691,1.5053822000000001,0.0003941336829046943
21,2534.3606934000004,19.364076258204754,1.4439874,0.00461561738448932,2533.9873536,4.331155482491968,1.4429762,0.0004146156774653197
22,2488.8683104,19.36290191698709,1.3862555999999997,0.004616564332921162,2488.4245606,4.247022832575797,1.3851572,0.0003739237355397665
23,2443.8773438,19.374248508775267,1.3326178,0.0046803251767371795,2443.371875,4.147924301387469,1.3314336,0.00031190485728830675
24,2399.4246582,19.422292429109113,1.2827678,0.004694232776503526,2398.8092772000005,3.9962207322658343,1.2814713999999998,0.0002865279044002625
25,2355.613037,19.39574066688028,1.2363474,0.004687052190876462,2354.8563476,3.9395746848428455,1.2349022,0.00029873426318383344
26,2312.4762206,19.373058272271848,1.1930166,0.004714448879773755,2311.5987306,3.915042801978658,1.1914452,0.0002911902470894209
27,2270.0919433999998,19.24792138365273,1.1525535999999998,0.0046581884719277,2269.0517578000004,3.924719721940766,1.1508518,0.00033269770062325935
28,2228.6739258,19.191399045219697,1.1147529999999999,0.004638773458577138,2227.4627442,3.8558022906052503,1.1129073999999999,0.000349170789156248
29,2188.0938478,19.22047114660248,1.0793066,0.004683827563008715,2186.7353516,3.6683963798449346,1.0773430000000002,0.00028268498368327726
30,2148.4860350000004,19.08704315891923,1.046047,0.004618541414775871,2146.9581544000002,3.6570405867528573,1.0439606,0.00029751275602903033
31,2109.8586424,19.003417687099844,1.0148524,0.004589614868374028,2108.1461426,3.588384654834486,1.0126344,0.0002470842771201706
32,2072.2196046,18.894264889546303,0.9855119999999999,0.004568015367749977,2070.2701662,3.533284517656323,0.9831626,0.0002838961782060449
33,2035.7588378,18.733499627435524,0.9579612000000001,0.004505595294741898,2033.5557861999998,3.552051822854701,0.9554568,0.00032944037396771895
34,2000.2605224,18.682752619363995,0.9320070000000001,0.004525038563371591,1997.7540528000002,3.40310962641174,0.929316,0.00029985062948074113
35,1965.8245362000002,18.618011133368807,0.9075626,0.004534221547300029,1963.0456298000001,3.243999097377364,0.9047298000000001,0.0002715683339419215
36,1932.4001219999998,18.558752860874897,0.8844801999999999,0.00451709160411875,1929.3483398,3.110574334820835,0.8814933999999999,0.0002869645274245808
37,1900.0080077999999,18.42380923076695,0.8627026000000001,0.0044709897606682045,1896.6383787999998,3.0197702324836655,0.8595606,0.00032014596670894556
38,1868.7464600000003,18.29765771277859,0.8421991999999999,0.0044214467948851454,1865.0508055999999,2.919378114866,0.8388996000000001,0.00032499452303079646
39,1838.539795,18.132041567929466,0.8228094,0.0043527264834813595,1834.4669434,2.9166126676333897,0.8193444,0.00037166468758815163
40,1809.439502,18.048300782657282,0.8045372000000001,0.004340206603377315,1804.9854734,2.8462002424108035,0.8009254,0.00038171958294012546
41,1781.3815920000002,17.93970181834332,0.7872226,0.004326152498467894,1776.5114988,2.810033585060987,0.7834443999999999,0.0003498431648610592
42,1754.4227294,17.82081318120702,0.7708858000000001,0.004308841719070222,1749.1043699999998,2.759371246151338,0.7669334,0.0003290462581461817
43,1728.3559082,17.768290210195563,0.7553981999999999,0.0042734470114884895,1722.5902345999998,2.657316924247357,0.7512642,0.00031943099411294414
44,1703.2376952,17.59740238377222,0.7407389999999999,0.004202958386660513,1697.0201172000002,2.745737910095445,0.7364293999999999,0.00036661183832493966
45,1679.0338134,17.48925664207543,0.7268589999999999,0.004177128247971328,1672.3784178,2.716432980678585,0.7223658000000001,0.0003841710035908702
46,1655.8434814,17.434477378500937,0.7137461999999999,0.004164969502889564,1648.6933838,2.6262614037462484,0.7090538,0.0003860981222435496
47,1633.5193604,17.28057101982848,0.701307,0.0041257247605723715,1625.9037598,2.577342347931125,0.6964342,0.00037850780705287916
48,1612.0817869999998,17.187751789164718,0.6895336000000001,0.004095666324299373,1604.0062990000001,2.528740228979793,0.6844785999999999,0.0003784275888462768
49,1591.538623,17.03301701702168,0.6784063999999999,0.004049934448852249,1582.9573729999997,2.5067754291389117,0.673162,0.00034935368897437733
50,1571.8751708,16.924688369995657,0.667863,0.0040198745751578125,1562.8008301999998,2.4481093804807754,0.6624424,0.0003367667442013727
51,1552.9612548,16.77719565515559,0.6578816000000001,0.00397968499255906,1543.4202636000002,2.426120352877122,0.65228,0.0003468342543636684
52,1534.8593260000002,16.587133797140027,0.6484593999999999,0.003931751802949934,1524.8993896,2.454637008632568,0.6426962,0.00034030480455027524
53,1517.5037109999998,16.34162406516932,0.6395214,0.003871098893079354,1507.0692627999997,2.4693882992646086,0.6335666,0.0003299112607959993
54,1500.8948974,16.152929577693126,0.6310627999999999,0.0038096746527755015,1490.011377,2.460357577049216,0.6249302,0.0003276994964902985
55,1484.9124512,15.862102619678877,0.6230233999999999,0.003744098962367314,1473.5609862,2.5475910678979647,0.6167082,0.00033089660016387255
56,1469.6414794,15.694208097930698,0.6154261999999999,0.00367842903424816,1457.8360349999998,2.500228069188675,0.608923,0.00035148086718912177
57,1455.1277832,15.591051239759514,0.6082348000000001,0.0036453866406733833,1442.8448240000002,2.463379344527428,0.6015469999999999,0.0003281115663916691
58,1441.1933838,15.373503220145318,0.6014124,0.003591421924530735,1428.4760740000002,2.4956416114912763,0.5945574,0.00032678714785011907
59,1427.9552004,15.234069664254388,0.5949812000000001,0.003548025276121926,1414.7498048,2.468593447775354,0.5879454,0.00031003973938836533
60,1415.2512696,15.151154853574226,0.5888788,0.0035121100438340455,1401.5642822,2.3994732569745034,0.5816595999999999,0.00032053867161389735
61,1403.1277832,14.946498955041458,0.5831261999999999,0.0034556467643554164,1388.9317868000003,2.4396928652626864,0.5757144,0.00030744924784424703
62,1391.5704836,14.700785213805073,0.5776676000000001,0.0033936274162023046,1376.928418,2.4937771707602914,0.5700936000000001,0.00032516924823853616
63,1380.4788572000002,14.463015368093517,0.5725018,0.0033270971972576874,1365.3890136,2.561041531755219,0.5647713999999999,0.0003499523396120977
64,1369.9335206,14.292131680546076,0.5676116,0.003275441930488159,1354.391211,2.5310206689101116,0.559724,0.0003491933561796562
65,1359.8664062,14.077809746114998,0.5629839999999999,0.0032101235490242528,1343.8810548000001,2.5798348203251655,0.5549398,0.00036308588515665617
66,1350.3273682000001,13.883871961440923,0.5586154000000001,0.0031630742387746794,1333.833667,2.5506441261655084,0.5503881999999999,0.0003520530641821222
67,1341.1288332,13.71665189767821,0.554467,0.00311700112287437,1324.1553953999999,2.5542427754811223,0.5460742,0.0003665937260783561
68,1332.4122071999998,13.567169067536163,0.5505654,0.003095862180394985,1314.9458252,2.526799740189393,0.5419944000000001,0.00035279263030851615
69,1324.193872,13.361840114137436,0.5468678,0.0030551040833333475,1306.2160158000002,2.5833448126320375,0.5381252,0.0003466620256099571
70,1316.2269531999998,13.250449571402378,0.5433656,0.0030293792499454463,1297.7745116,2.558222111551454,0.5344496,0.0003644083423853057
71,1308.690088,13.091124880253258,0.5400452,0.0029905123574397673,1289.7870360000002,2.510913032252359,0.5309772,0.0003676462430108427
72,1301.4910889999999,12.981843093838023,0.5369124000000001,0.0029677014405091588,1282.1889404,2.416053947810157,0.5277187999999999,0.00035315571636319404
73,1294.6651122,12.876988310654252,0.5339538,0.002931591335776512,1274.8988524000001,2.359846459483394,0.524606,0.00034641535762723163
74,1288.1564208,12.79574531075398,0.531161,0.002908060728389266,1267.9692872,2.285609943203717,0.5216687999999999,0.00034105917375141365
75,1281.8929442,12.61255410231542,0.5285132000000001,0.002864662730584533,1261.2777588000001,2.2720146528970733,0.51888,0.0003257594204316919
76,1275.9752686,12.451985985553117,0.5260192,0.002823580946245379,1254.9256106,2.2737043333595053,0.5162420000000001,0.00033604404473222343
77,1270.2752928,12.317584416783767,0.5236434,0.002789623171684649,1248.7614989999997,2.28581021710056,0.5137074,0.00031601556923670725
78,1264.8865234,12.198825115177327,0.5214086,0.002749506253857211,1242.963794,2.273666913153374,0.5113323999999999,0.0003321738099248652
79,1259.7724854,12.037013913326145,0.519301,0.0027110935063180755,1237.4050538,2.279014293054236,0.509072,0.00033284230500342765
80,1254.8815917999998,11.939839572836185,0.5172954000000001,0.002684499029614289,1232.1303466000002,2.189587134780424,0.5069324,0.00031811985162830423
81,1250.3138427999997,11.800618291987709,0.5154264000000001,0.002651775903050637,1227.1438966,2.1418426969128634,0.5049368000000001,0.0003223478866070225
82,1245.9374266,11.67766270505323,0.5136588000000001,0.0026279593908582425,1222.3613036000002,2.1821434655448293,0.5030344,0.0003480583859067415
83,1241.7723144,11.52359310401105,0.511986,0.0025846178054018012,1217.8470704,2.1609211175818803,0.5012378,0.000355544315100115
84,1237.7566161999998,11.446763389304145,0.5103868,0.0025694331203594094,1213.4677734000002,2.079296073213849,0.49951840000000003,0.00034414276107453106
85,1233.9070801999999,11.308194854103037,0.5088876,0.0025320545491754423,1209.2273192,2.0746824896232736,0.49788519999999997,0.0003423982476590747
86,1230.2415038,11.16475682402551,0.5074524,0.002486403716213434,1205.176953,2.151051840473816,0.49632899999999996,0.00037420048102586296
87,1226.7461182000002,11.074240325282267,0.5060906,0.0024703514405849305,1201.2394530000001,2.053984203494318,0.49482499999999996,0.00035254333067013426
88,1223.4129882,10.95039869383172,0.5048070000000001,0.0024296446653780434,1197.4908934,2.092736747747511,0.4933982,0.0003765205970461682
89,1220.2406494000002,10.814420719161738,0.5035998,0.002396952682052807,1193.8948242000001,2.1300697203533323,0.492049,0.00037259683305148613
90,1217.3179441999998,10.682614300117722,0.5024789999999999,0.0023541628660736086,1190.6507080000001,2.1625099260251535,0.4908282,0.0004028182716809032
91,1214.4978028,10.568408995642358,0.5013988,0.0023247972298675846,1187.4917237999998,2.205205004310909,0.489644,0.00040874001516856036
92,1211.8205812,10.50053000837362,0.5003908,0.002309767641993469,1184.5043701999998,2.162461395899054,0.4885358,0.00039845371123882966
93,1209.2342042,10.419147835603338,0.4994262,0.0022852472426413686,1181.5367188,2.1267879713568667,0.4874402,0.0003941610838223348
94,1206.7089356000001,10.257089756149018,0.49849560000000004,0.0022432888891090364,1178.679419,2.2164278037862086,0.486384,0.0004110070559005037
95,1204.3216064,10.131501625982697,0.49762199999999995,0.0022098493161299515,1175.9462892,2.1999262722887036,0.48539659999999996,0.00040129869174968777
96,1202.014551,10.042182102926203,0.49678380000000005,0.0021787925463430577,1173.2261718,2.2250898287115235,0.4844068,0.000397108750847913
97,1199.8360347999999,9.979932265549301,0.4959942,0.0021674564263209455,1170.7126708,2.161483561573307,0.48350299999999996,0.00038592175372735116
98,1197.7889648,9.889367951757437,0.49526319999999996,0.0021432437472205675,1168.3391358000001,2.165530600959112,0.4826574,0.0003665518244396085
99,1195.826001,9.78593564505599,0.4945696,0.0021180806028100042,1166.0360349999999,2.1681250528787914,0.4818414,0.00035564116747082195
100,1193.9755615999998,9.69026209208565,0.4939114,0.0020967742463126344,1163.8676513999999,2.17296977362474,0.4810786,0.00036148615464495337
101,1192.1966307999999,9.629320721744296,0.49329080000000003,0.002086980632396965,1161.8242186000002,2.144955875554025,0.4803672,0.00035529897269764263
102,1190.4857666,9.561121084243508,0.4926912,0.002064918729635617,1159.7868162,2.168290395018466,0.47965680000000005,0.00035846974767754194
103,1188.8797606,9.479678762291716,0.49213700000000005,0.0020369831614424224,1157.8707274,2.2063930747769587,0.4790038,0.0003703433001959181
104,1187.3142822000002,9.415881826381344,0.4915926,0.0020122164495898444,1156.006006,2.1836506671230174,0.4783647999999999,0.00039240815485920636
105,1185.7995116000002,9.314882872017346,0.491078,0.001978761127574521,1154.2103272,2.19645494131735,0.4777496,0.0004035693744574804
106,1184.4209718,9.23496483531111,0.49061279999999996,0.0019546459935241415,1152.5616698,2.1942095588191903,0.4771982,0.0003979806025423741
107,1183.057544,9.143119478663865,0.4901536,0.0019222125376762978,1150.9202392000002,2.2187129279595372,0.47664059999999997,0.00041744297814193113
108,1181.8100098,9.064057340680938,0.4897284,0.001903200210172338,1149.3682128,2.2476026524664676,0.47611780000000004,0.0004310129464412951
109,1180.557544,8.960451335019266,0.489309,0.0018754059827141253,1147.7797606,2.1654002999435433,0.4755834,0.0004070123339654442
110,1179.3453367999998,8.918964184555618,0.48891080000000003,0.0018581674197983285,1146.2790772,2.1521364857977434,0.4750808,0.0004159766339591615
111,1178.2446533999998,8.888533518861303,0.4885332,0.001854183960668423,1144.8952637999998,2.081783215353941,0.4746124000000001,0.00038538842743393863
112,1177.1861082,8.821228309876517,0.488181,0.0018443996313163829,1143.5624756000002,2.0783486773297875,0.474167,0.00036680294437204313
113,1176.1532228,8.757594610112776,0.4878408,0.001816140126752347,1142.2808106,2.1034094361070883,0.47374879999999997,0.0003847271240762613
114,1175.153369,8.696734153457765,0.4875104,0.00179016542252385,1140.9645263999998,2.1829754321273613,0.47331120000000004,0.0004212127253538192
115,1174.1952637999998,8.645030568667593,0.4872126,0.0017683728792310712,1139.7196776,2.1951199752628137,0.472907,0.00043278308654565916
116,1173.2822019999999,8.632847507328782,0.4869204,0.0017726405839876168,1138.5264404000002,2.1836819395802394,0.47252679999999997,0.00041892977931868664
117,1172.3910402000001,8.61710007984637,0.4866448,0.0017749088314614996,1137.3309083999998,2.1754252911492387,0.47212699999999996,0.00041441283763898515
118,1171.5439696,8.585074150258688,0.4863862,0.0017716917790631683,1136.212915,2.1000618165156846,0.47178719999999996,0.0003836265892765946
119,1170.7686522,8.517290223582252,0.48614320000000005,0.0017487374188253635,1135.2106204,2.1426758452458987,0.4714722,0.0004007040803386077
120,1170.0207764000002,8.485762597090377,0.4859083999999999,0.0017365380041911025,1134.2422849999998,2.1851162342253283,0.4711666,0.00042271862982366185
121,1169.2934082,8.469091269987413,0.4856792,0.0017324167397020772,1133.2660644,2.113260388890366,0.470852,0.0004155006618526519
122,1168.6062987999999,8.466987913152384,0.4854634,0.0017388086266176563,1132.249585,2.069216768304228,0.4705258,0.00041825418109087787
123,1167.9286378000002,8.438435796915666,0.4852518,0.0017289422662425601,1131.3114012,2.083016425958237,0.47023280000000006,0.00043270608962666285
124,1167.2585938,8.365370098371825,0.48504819999999993,0.0017091535214836596,1130.3610838,2.164132797195926,0.4699388,0.0004598270979400811
125,1166.6058838000001,8.26180377684021,0.484843,0.0016874540586338937,1129.3657716,2.1989674513245556,0.46961640000000004,0.00044866094102339053
126,1166.0375244,8.218845687234754,0.4846718,0.0016902847570749772,1128.5238524,2.2319118869626213,0.4693544,0.00045534979960465334
127,1165.4517087999998,8.227723616647493,0.48449480000000006,0.0016951584468715664,1127.6108644,2.136052435928681,0.4690626000000001,0.0004224436530473625
128,1164.9522217999997,8.178886952979171,0.48434140000000003,0.0016778937511058249,1126.8715822,2.121026711689252,0.46883660000000005,0.0004094291635924428
129,1164.4418946,8.104327210086524,0.4841844,0.0016577275530074353,1126.1182616,2.1372433605639696,0.46860080000000004,0.0004147675975772314
130,1163.9126464,8.010771452065876,0.48402320000000004,0.0016329884751583653,1125.3018798,2.2262761446077253,0.4683448,0.0004357817802524653
131,1163.393677,7.95848419109203,0.48387140000000006,0.0016193601946447804,1124.4701660000003,2.2538297101295304,0.4680822,0.0004441897792610687
132,1162.9025636000001,7.943133981391102,0.4837264,0.001611417587095278,1123.762329,2.2528083777130323,0.4678684000000001,0.0004385615578228409
133,1162.4302487999998,7.895182791268767,0.48358860000000004,0.0015929658627855203,1123.0125976000002,2.2725047002634287,0.46763940000000004,0.00046186820630997484
134,1161.9702392,7.845258882170244,0.48345479999999996,0.0015732192981272519,1122.3194824,2.3001850683053573,0.4674302,0.00047751037685060297
135,1161.505029,7.815434335018015,0.48332579999999997,0.0015703061357582606,1121.580615,2.328537149505917,0.4672052,0.00048116167760950477
136,1161.0752444,7.785905211523526,0.4831996,0.001564617090536851,1120.8987306000001,2.3580396168290125,0.46699720000000006,0.0004815617925043479
137,1160.6689208,7.757933374497516,0.4830774,0.0015525632483090566,1120.1860354,2.4166869843902092,0.4667686,0.0005210821816182069
138,1160.2619384,7.740504837094641,0.4829618,0.0015344166839551874,1119.5761962000001,2.3609307590349533,0.46659120000000004,0.0005166849717187463
139,1159.9105224,7.6984382265305165,0.4828682000000001,0.0015241639544353533,1119.0633546000001,2.4259451841650908,0.4664420000000001,0.0005453083531360989
140,1159.5388672,7.682576465537298,0.4827602,0.001523652112524375,1118.5037353999999,2.4187933187710513,0.4662756,0.0005393794953462816
141,1159.178296,7.675951479532298,0.4826646,0.0015280524336553397,1117.9355467999999,2.3806021199284046,0.4661052,0.0005273008249566841
142,1158.7783934,7.670311817575947,0.4825478,0.0015350782911630254,1117.2970946,2.3653459681701503,0.46590699999999996,0.0005067346445626026
143,1158.4416503999998,7.630160064586106,0.48245260000000006,0.001519542904955304,1116.7422119999999,2.3916619554953034,0.4657444,0.0005072264188703142
144,1158.1336182,7.6322683345208935,0.4823664,0.0015137168295292261,1116.2286622,2.3634170421332894,0.465588,0.0005098227142840891
145,1157.8487304,7.59794840937694,0.4822902,0.0015131546384953506,1115.6842528000002,2.342258727274917,0.4654204,0.0004943240232883749
146,1157.533838,7.618537932153876,0.48219779999999995,0.001516905718889596,1115.1370362000002,2.2477291656964713,0.4652446,0.00046058119805307145
147,1157.2368896,7.5589518652698535,0.482115,0.0015061147366651748,1114.5909668,2.2944621030022287,0.46507519999999997,0.0004592761260940966
148,1156.9473634,7.515696919805975,0.48203680000000004,0.0014989411462762682,1114.1144776,2.2636731618633563,0.464933,0.0004508347812669256
149,1156.6643796,7.499375008782928,0.48196200000000006,0.0015043157913150998,1113.553369,2.2529809543617376,0.4647606000000001,0.0004487215617730082
150,1156.3799806,7.47089937582198,0.4818812,0.001495746154934065,1113.0361572000002,2.210781095035623,0.4646078,0.0004369120735342518
151,1156.1175046,7.4730856168569435,0.481813,0.0014955848354406454,1112.557593,2.2055629856337715,0.4644612,0.00044582974328773764
152,1155.9004882000002,7.41526579403095,0.4817588,0.0014843240077557203,1112.1865482,2.2560817214609434,0.4643613999999999,0.0004522400247656115
153,1155.6637696,7.375094052627198,0.48170060000000003,0.001477727525628459,1111.7073974,2.2573849109523625,0.46420580000000006,0.00044283107388709715
154,1155.4365722,7.3770171679643015,0.4816344,0.0014795548790092297,1111.2920166000001,2.2093717472108834,0.46408059999999995,0.00041388384844060497
155,1155.2010987999997,7.3690904029201985,0.48157079999999997,0.001483963126226511,1110.8695802,2.145710767429364,0.4639476,0.0003959321153935397
156,1154.9920407999998,7.35915437122062,0.4815174,0.0014798921041751696,1110.4385742,2.1480365118588116,0.46382080000000003,0.0004083838390534017
157,1154.7632322,7.325282614917921,0.48145699999999997,0.001475324913366551,1109.9843994,2.0932114448406023,0.4636796,0.0003857753750565346
158,1154.5509034,7.322467218512791,0.48140419999999995,0.0014765090450112417,1109.5996338,2.0578329135691042,0.46357039999999994,0.00036961742383173987
159,1154.3301028,7.3163449832365055,0.4813396,0.0014893802200915576,1109.1717774,2.0447459434625794,0.46343939999999995,0.00034778303581399093
160,1154.1766848,7.304909658118527,0.4812956,0.0014901744327426912,1108.8380860000002,2.0168782613113203,0.46333660000000004,0.0003505827149190263
161,1153.9808594,7.268698644041151,0.4812405999999999,0.0014834085883531968,1108.4329834,2.0276553040772405,0.4632058,0.0003720168813373902
162,1153.8021239999998,7.30319585776558,0.4811898,0.001496791288055901,1108.0738036,1.9843481925954602,0.46309380000000006,0.00035646677264507926
163,1153.619629,7.272282911514257,0.4811412,0.0014884360113891254,1107.6880126,2.0501723208501628,0.4629707999999999,0.00037058084138282134
164,1153.4360351999999,7.237123721127449,0.4810918,0.0014905641079805932,1107.3016356,2.081064312403782,0.46284899999999995,0.00037025018568529773
165,1153.2980954,7.1993268485552235,0.48105020000000004,0.001477986386946788,1106.9897216,2.1347085304785014,0.4627496,0.00036077671765235236
166,1153.1288576,7.145115520473864,0.48100719999999997,0.0014679535959968217,1106.6019288,2.1840522572634145,0.4626232,0.000381203567664305
167,1152.933496,7.138649221142698,0.48095239999999995,0.0014707246649186252,1106.1104004000001,2.171300889789943,0.46246919999999997,0.0003906084484493395
168,1152.7633786000001,7.149819800369248,0.4809112,0.0014750885261570037,1105.6712646,2.173857660686276,0.462324,0.0003977421275148
169,1152.6100341999997,7.114557679788655,0.4808674,0.0014682986889594273,1105.3760984,2.179362568614855,0.46222719999999995,0.0004091344033444282
170,1152.4676757999998,7.100790138914638,0.4808298,0.0014623599283350261,1104.9930663999999,2.1701921039267194,0.46210380000000006,0.0004309888165602497
171,1152.2389408000001,7.02631130772742,0.4807690000000001,0.0014427882727552316,1104.5663084,2.2757745404449152,0.46197099999999997,0.0004535993827156248
172,1152.1111328,7.017742537847915,0.48074120000000004,0.0014402654477560675,1104.2483888000002,2.264771273305406,0.4618686,0.00045256186317452045
173,1151.968213,7.0193437345871565,0.4807034,0.0014409002186133533,1103.8929686,2.261781697757592,0.4617476,0.0004510975947619219
174,1151.7708008000002,7.0437301323345585,0.48064840000000003,0.0014601818516883456,1103.4570314,2.2249017832436024,0.46160199999999996,0.00044801473190063515
175,1151.6138916,7.032110065636704,0.48059899999999994,0.001455096972713507,1103.0903808,2.205112411148597,0.461482,0.0004360261460050305
176,1151.4276121999999,6.992873060747176,0.4805484,0.0014581306662984493,1102.6600830000002,2.3146013626865396,0.46134519999999996,0.0004602657493231575
177,1151.278296,7.00700335561518,0.4805046,0.0014527202896634985,1102.3358888,2.2580195637552154,0.46125039999999995,0.00046083472091412394
178,1151.0950438,7.011651999777829,0.4804558,0.0014490017805372098,1101.9090084000002,2.168142544520866,0.46111240000000003,0.00043681282032467507
179,1150.9207517999998,7.018894148725726,0.4804062,0.0014616244935002913,1101.5273194000001,2.221678535514861,0.4609868,0.00047749613611001675
180,1150.7557132000002,7.002126948955088,0.4803634,0.0014521240442882306,1101.1038574,2.174542775506721,0.46085760000000003,0.00045632953005476343
181,1150.6261719999998,6.976936826761932,0.4803254,0.001448376415162856,1100.8030272,2.1744080046185568,0.4607564,0.0004461522610051481
182,1150.480127,6.940286491258781,0.48028360000000003,0.0014409736430622134,1100.4368896,2.1928401818752468,0.46063299999999996,0.00043471737945474285
183,1150.3141114,6.955487903444476,0.48023560000000004,0.0014542044698047222,1100.0311522000002,2.202503292014468,0.46049559999999995,0.00043131964944805035
184,1150.1671385999998,6.959942507460481,0.4801938,0.0014500331582415703,1099.6721433999999,2.1856921642792564,0.46038060000000003,0.00041520818874391863
185,1150.0143798000001,6.9842822912803335,0.48015560000000007,0.001453617501270533,1099.344287,2.160955918255359,0.4602804,0.00041916898740245866
186,1149.8729736,6.995009022683945,0.4801212,0.0014531154668504433,1099.0165526,2.1314439039040627,0.4601826,0.0004273352782066913
187,1149.7209716000002,7.005059311097401,0.4800834,0.001457688800807625,1098.6629884,2.1009107578938666,0.460067,0.00040172378570354713
188,1149.577002,7.0029974884831345,0.4800394,0.0014648173401486085,1098.3136476,2.1218839455015934,0.45995559999999996,0.0004021067519950353
189,1149.4478272000001,7.037499196935055,0.48000119999999996,0.0014717871313474496,1097.9823239999998,2.080848606357418,0.45984780000000003,0.0003844764752231335
190,1149.36792,7.02996581615871,0.47997940000000006,0.001469956543575347,1097.7646238,2.057129960465141,0.4597732,0.0003838314213297164
191,1149.2529786,7.027833497708207,0.47994520000000007,0.0014716845314128987,1097.3888428,2.0512394937000935,0.45965439999999996,0.00040263909397871624
192,1149.1351074,7.034986143307934,0.4799098,0.0014687076496021927,1097.0824948000002,1.991126903870217,0.4595546,0.0003830037075538402
193,1149.0160887999998,7.015694518173843,0.4798738,0.0014757554539963648,1096.768213,2.014299408603993,0.4594498000000001,0.00038420796451922823
194,1148.9061768,7.017764096601871,0.479838,0.001472129206285921,1096.4788574,2.0192577079068834,0.45935819999999994,0.0003994983854785903
195,1148.800366,7.011696452241914,0.4798076,0.0014738091599660946,1096.113867,2.01334343999101,0.4592328,0.0004171231952313369
196,1148.6752686,6.999827207509075,0.47977299999999995,0.0014688222492868297,1095.8098632,2.030317502290962,0.4591412,0.00041597182596901357
197,1148.5541503999998,7.007779572473164,0.4797396,0.001473332766214069,1095.4913818,2.006117903262488,0.4590396,0.0004178988394336706
198,1148.4566406,7.015053354847421,0.47971060000000004,0.0014792504318066042,1095.2708986,2.0148965076710694,0.458967,0.0004161619876922842
199,1148.3662354,7.034704936139093,0.47968679999999997,0.0014925882754463812,1094.9945068000002,2.0973437615152557,0.458882,0.0004380296793597495
200,1148.2795654,7.011190502860008,0.4796614,0.0014898360446706765,1094.7523437999998,2.1475569315094147,0.45880100000000007,0.0004522158776513636
201,1148.1670898,7.036322839738426,0.47963459999999997,0.0014971958589309557,1094.467383,2.2278578284563024,0.45870940000000004,0.0004800744108989718
202,1148.0421875999998,6.97353874877209,0.4795984,0.0014845631815453217,1094.1009276,2.2485270724516644,0.4585852,0.0004553615706227399
203,1147.9202148,6.993081139188122,0.4795612,0.0014859361224494132,1093.7725097999999,2.2407601685541225,0.45847419999999994,0.00045483728958826237
204,1147.8491946,6.9786504593954914,0.47953599999999996,0.0014876642094236172,1093.5535889999999,2.1805294861315674,0.45840060000000005,0.0004397456537590797
205,1147.7699705999999,6.97952249650019,0.4795170000000001,0.001482441769514062,1093.320044,2.1442536436276534,0.45831859999999996,0.00043159823910670877
206,1147.728296,6.972327323509782,0.47950020000000004,0.0014801219409224437,1093.1512206,2.15766147452679,0.4582648000000001,0.00043291079912609657
207,1147.6042478,6.972390091919389,0.47946900000000003,0.0014855366707018855,1092.8272706,2.1145264088231444,0.4581676,0.0004170173137892354
208,1147.5348634000002,6.987118158792532,0.4794478,0.0014867827548098525,1092.5593261999998,2.0002456704224976,0.4580768,0.000378941895282114
209,1147.422925,6.965479351342094,0.479418,0.0014868022060785214,1092.240332,2.045609581370867,0.4579652,0.00040189421493721204
210,1147.3303956,6.932894266686953,0.4793854000000001,0.0014745842261464734,1091.9903076,2.109006665384032,0.45788460000000003,0.0004018808778730387
211,1147.2652831999999,6.938749596312615,0.4793674,0.0014728786236482643,1091.7602537999999,2.0835714442742406,0.45780279999999995,0.00041445019001082036
212,1147.1385744000002,6.931801644080418,0.4793374,0.0014679840053624434,1091.4505614000002,2.1176154306575095,0.45770099999999997,0.00042424332640596816
213,1147.0347168,6.95454746934644,0.4793068,0.0014766390757392396,1091.078491,2.208970625778613,0.45757319999999996,0.0004516217000986484
214,1146.9208008,6.943773610301144,0.4792764,0.0014751109246426244,1090.7607910000002,2.2901568151717964,0.4574724,0.00045415574421116945
215,1146.8529783999998,6.931426297483154,0.47925680000000004,0.0014702581269967411,1090.5367919999999,2.2652412303344285,0.4573982,0.0004350132871533925
216,1146.7451660000002,6.940987534337008,0.4792308,0.001475717642369301,1090.1904542,2.2611947620456894,0.4572906,0.00043846897267650864
217,1146.6671386000003,6.941500719386462,0.4792134,0.001474885839649964,1089.9302734,2.238704947834698,0.45720600000000006,0.0004449557281348299
218,1146.582837,6.9330913078461025,0.4791956,0.001481146933967052,1089.6642092000002,2.237215333865565,0.4571186,0.0004282623495008564
219,1146.5249512,6.913135912573609,0.47917899999999997,0.001476246862824775,1089.4972168,2.261797720648154,0.45706700000000006,0.00043280804059073696
220,1146.4165772,6.913532858451045,0.47915,0.001477140210000388,1089.2218996000001,2.280342011469524,0.456977,0.00041759549806000767
221,1146.3373046,6.870969877003447,0.47912420000000006,0.0014787688663208964,1089.0060302,2.3624520383028815,0.4569082,0.00043136314167993784
222,1146.2321533999998,6.853222963271424,0.4790992,0.0014794446796010945,1088.7171874,2.420991500778652,0.4568118,0.00044496265011796437
223,1146.165918,6.856823546376218,0.479081,0.001479081066067709,1088.4913816,2.4296636436828023,0.4567302,0.0004542265514035826
224,1146.0962404,6.827700730436514,0.47906119999999996,0.0014740096878921793,1088.3067628000001,2.429819096926697,0.4566704,0.00045580460726060424
225,1146.0296874,6.83468966713627,0.47904179999999996,0.0014775246055480648,1088.082129,2.413018350977718,0.45659140000000004,0.0004501860060019707
226,1145.961035,6.857636076865315,0.4790198,0.0014726325271431572,1087.79917,2.410316011970874,0.4564934,0.0004593484951537309
227,1145.8608153999999,6.83896488757708,0.47899840000000005,0.001470055998933369,1087.5463866,2.4356576855854613,0.45640920000000007,0.0004536520252352129
228,1145.771411,6.813499836173883,0.4789744000000001,0.0014652039584986149,1087.284375,2.4654782094226118,0.456318,0.0004708137636050979
229,1145.6815918,6.850953759812753,0.47894760000000003,0.0014696827684912198,1087.0206786,2.3712866683019196,0.4562246,0.00044529432962928534
230,1145.6225585999998,6.843936776880867,0.47892980000000007,0.0014631612898105316,1086.7833252,2.395333530154776,0.45614419999999994,0.00045118572672459337
231,1145.5310792,6.848256092148371,0.4789042,0.001466285565638546,1086.489795,2.4020324442492336,0.45604279999999997,0.00043713219968334605
232,1145.4613036,6.862436703971873,0.4788806,0.0014696547349632794,1086.2185792,2.3966875353811536,0.45595299999999994,0.00042864810742613467
233,1145.3925782000001,6.8470851813205975,0.4788614000000001,0.0014657452166048565,1085.934082,2.388250221750479,0.455858,0.00043690502400406427
234,1145.3189943999998,6.817409585318086,0.47884200000000005,0.0014606386274503324,1085.6822756,2.416030758547801,0.45577579999999995,0.0004431705766406404
235,1145.2638918,6.792517591632994,0.4788196,0.0014596349680656398,1085.4097902,2.4157102449838943,0.4556854,0.000436992723051537
236,1145.1648194000002,6.818885361672424,0.47879700000000003,0.0014650129009670693,1085.15249,2.3615313423525066,0.4556006,0.0004231224881757046
237,1145.0791256,6.778687190022257,0.47877000000000003,0.0014514159982582549,1084.8908934,2.4271883991518424,0.455508,0.00043631914924741473
238,1145.0225341999999,6.756688660993188,0.47875439999999997,0.0014459298184905083,1084.7097414,2.4807759207305393,0.4554496,0.00044508363259055934
239,1144.9655028000002,6.72444030973633,0.47874160000000004,0.0014408848114960567,1084.5005862,2.5335758127576846,0.4553788,0.00046542685784126207
240,1144.8852783999998,6.702554643476788,0.4787228,0.0014382289664723147,1084.2565918,2.5545047458600356,0.4552988,0.0004642725061857589
241,1144.8146484,6.699028327717186,0.47870280000000004,0.0014358426654755775,1084.0501707999997,2.5792596195428787,0.4552326,0.00046532809930198296
242,1144.708447,6.676438002910756,0.47867619999999994,0.0014346686586107738,1083.7698,2.565043739917633,0.45514779999999994,0.0004611201145037917
243,1144.6429932,6.691587098690078,0.4786562,0.001435591223155112,1083.5445802,2.541442439455526,0.45506900000000006,0.00045621354648892054
244,1144.5618896,6.706762405232585,0.47863300000000003,0.00144090346657922,1083.303296,2.600499144567999,0.4549822,0.00048692110243858525
245,1144.505957,6.689196176981064,0.47861139999999996,0.0014312955809335746,1083.0040771999998,2.562030431679429,0.4548832,0.0004549880877561428
246,1144.4285402,6.666183477447768,0.478595,0.0014245053878451952,1082.7482914000002,2.592900565297873,0.4547958,0.00045667861784848886
247,1144.3653808,6.67668463857473,0.47857320000000003,0.0014235883393734256,1082.4700194,2.5729660515789186,0.45470560000000004,0.0004472111805400207
248,1144.3283933999999,6.6777456013901615,0.47856139999999997,0.0014258025950319964,1082.2515382,2.554034391187753,0.45462400000000003,0.0004367273749148353
249,1144.2892576,6.629740791067672,0.4785486,0.0014170148340790325,1082.0362304,2.593830260505385,0.4545502,0.0004391466269937727
250,1144.2264404,6.653906088327046,0.4785292,0.001414753886723767,1081.8356442,2.5221978633684325,0.4544798,0.0004094715618940972
251,1144.2021728,6.644937448837698,0.4785212,0.0014147080829627068,1081.6697268,2.4913250974672017,0.45441960000000003,0.0004011730798545719
252,1144.1020752,6.701837188090254,0.47849719999999996,0.0014192201238708531,1081.386157,2.4123949985649107,0.45432960000000006,0.0003909366189038864
253,1144.0559082,6.678024054234714,0.4784832,0.0014160373441403358,1081.2150146,2.4425045376861254,0.45426219999999995,0.00040230505838233173
254,1144.0000976000001,6.684145317154324,0.4784718,0.0014202784797355738,1081.0062498,2.4262302397893505,0.454188,0.000396612153116884
255,1143.9342528000002,6.643912713530337,0.47845259999999995,0.0014044285101065224,1080.7673584,2.5362527640103933,0.4541024,0.00041790123235042046
256,1143.8888428,6.618637827922594,0.4784414,0.001397204437439274,1080.5685058,2.548785332976427,0.4540312,0.00043036840032697403
257,1143.8397218000002,6.61138339287086,0.47842660000000004,0.001395042737696591,1080.3584714,2.509050652964522,0.4539574,0.0004134250113381995
258,1143.8045408,6.616719418205326,0.4784129999999999,0.0013978971349852649,1080.1851806,2.5519477173675544,0.45390120000000006,0.0004241553488994337
259,1143.756958,6.629488582692624,0.4784014,0.0013968405206035502,1079.9830812,2.576022678071936,0.453831,0.0004283120357869855
260,1143.700781,6.6169886165646385,0.47839020000000004,0.0013965233116565012,1079.767627,2.570275575062299,0.4537538,0.0004252765688349099
261,1143.6574708,6.613736867011142,0.4783754,0.0013968448160049834,1079.5146728,2.5430603828406944,0.4536602,0.0004129239155098712
262,1143.6005128000002,6.595263550112268,0.4783584,0.001390297320719557,1079.2460449999999,2.5306420484690912,0.4535672,0.00041075997857630643
263,1143.5634765999998,6.594168575871674,0.47834699999999997,0.0013925616682933636,1079.0572264,2.5266242200036313,0.4534964,0.00040863705167298636
264,1143.529248,6.583993431557076,0.47833800000000004,0.0013902989606555853,1078.9136474,2.5310988910977947,0.4534452,0.000408729445966386
265,1143.4758545999998,6.542644737804177,0.47831919999999994,0.0013796304432709587,1078.6740968,2.5962684185142995,0.4533658,0.0004256512187225461
266,1143.4024904,6.549206177612616,0.47829620000000006,0.0013808838329128102,1078.4354004,2.5137735689206764,0.4532838,0.000399738614597089
267,1143.3358887999998,6.510440528933392,0.47827840000000005,0.0013740303635655187,1078.2376708,2.586327219603786,0.4532222,0.0004163332319188659
268,1143.2715332000002,6.514495833475925,0.47825940000000006,0.001373780273551785,1078.01687,2.5740831153970802,0.4531442,0.0004087221060818819
269,1143.2115966,6.516452327326091,0.4782413999999999,0.0013708675501302124,1077.767627,2.5595532336615783,0.45305439999999997,0.00040033915621631857
270,1143.1335202,6.55018432884962,0.47821939999999996,0.0013738469492632784,1077.533252,2.5513477048905497,0.45298219999999995,0.0003904486649996338
271,1143.0504394,6.567106854053311,0.47819880000000003,0.001376379511617349,1077.3223634,2.532534040438931,0.4529092,0.0003976608605331885
272,1142.9769776,6.572821838672006,0.4781744,0.0013818372697246104,1077.0333254000002,2.5559708861776156,0.45281080000000007,0.0003961966178553152
273,1142.9485108000001,6.571541298140369,0.4781662,0.0013839020774606887,1076.8633302,2.546579938864524,0.45275220000000005,0.0003975889334476011
274,1142.9059082,6.576685278220079,0.47815660000000004,0.0013883058164540043,1076.6337892,2.518903668378271,0.4526738,0.0003877692097111367
275,1142.8693358,6.56534746518609,0.478147,0.0013838124150331887,1076.4458984,2.5289347257947203,0.45260940000000005,0.0003888190324559723
276,1142.8336181999998,6.577078760389199,0.478137,0.0013844788189062455,1076.2749511999998,2.5262067844400873,0.45254880000000003,0.0003839627065223926
277,1142.7973874,6.580539845668842,0.478132,0.0013829336932767258,1076.0811768,2.522273198519265,0.4524742,0.0003818336810706946
278,1142.7636717999999,6.5834588941796595,0.4781168,0.001377383083967548,1075.8896971999998,2.526309854090667,0.452403,0.00038558475073582004
279,1142.7066161999999,6.595029761591895,0.47809860000000004,0.0013787026655519264,1075.6844725999997,2.512505937797025,0.4523302,0.0003832259907678568
280,1142.6389159999999,6.5868716049675395,0.47808320000000004,0.001378453829477072,1075.5233152,2.5194630660934534,0.4522772,0.0003843547319859608
281,1142.5607421999998,6.596653408059887,0.4780608,0.0013767488369343158,1075.2356201999999,2.5297040918148137,0.45217919999999995,0.00038243137946565516
282,1142.5056152000002,6.593944511543741,0.4780462,0.0013842884670472425,1075.002954,2.509910757359219,0.4520984,0.00038218717927214615
283,1142.4514162,6.622531929049174,0.4780306,0.0013902928612346368,1074.7587159999998,2.5585772724619145,0.4520112,0.00039940375561578077
284,1142.4220704,6.609308015834288,0.47802639999999996,0.0013918141542605498,1074.546948,2.5571552188531057,0.4519362,0.000402413419259344
285,1142.3738282,6.6141264747445625,0.4780182,0.0013950900186009525,1074.345947,2.6077526646422893,0.45186460000000006,0.0004163198770176712
286,1142.3096436,6.6302623335756925,0.4779992,0.0013952188932206985,1074.0946042,2.557037419826347,0.45178520000000005,0.000403629731313238
287,1142.2501951999998,6.60899307530532,0.477985,0.001387772315619532,1073.895508,2.586482855125598,0.45171780000000006,0.0004194998927294224
288,1142.2243654000001,6.60183411541295,0.4779775999999999,0.001384348886661161,1073.7494874,2.6042548125307943,0.4516622,0.000422828286660189
289,1142.1876221999999,6.622800547926686,0.4779652,0.0013845903943044023,1073.5368896,2.632780052649829,0.45158620000000005,0.00043454684442531614
290,1142.1590330000001,6.627407235259202,0.4779542,0.001383361182048986,1073.3934082,2.650358559023752,0.4515352,0.00044033914202577985
291,1142.0915286,6.619227217548661,0.47793719999999995,0.0013876919542895679,1073.142798,2.6875440922373652,0.45144780000000007,0.0004433266966921896
292,1142.0607178,6.625552936579388,0.47793160000000007,0.0013896889723963527,1072.9644042,2.6875493302908935,0.451386,0.0004464535810137598
293,1142.0351805999999,6.645933844587973,0.4779216,0.0013938916170205008,1072.8191161999998,2.698410253845445,0.4513356,0.00045270149105121864
294,1141.9943847999998,6.658852003101324,0.4779082,0.0013973073248215583,1072.6190918,2.6922667553423554,0.45126619999999995,0.0004582607991089799
295,1141.9699218,6.653340937653978,0.477898,0.0013964679731379433,1072.4492676,2.6421711573820446,0.4512086,0.00043839826641993597
296,1141.9252685999998,6.656463961726808,0.4778884,0.0013994029584076177,1072.2101072,2.637305112399507,0.4511254,0.00043294600125187455
297,1141.8291992000002,6.657618456724617,0.47786,0.0013913898087883193,1071.9659668,2.6779230651641535,0.45104540000000004,0.00044671852435286503
298,1141.7469728,6.6861824917200785,0.4778384,0.001394607414292644,1071.7269774000001,2.700126273327785,0.45096880000000006,0.0004515309070262973
299,1141.7388914,6.70415268329961,0.47783319999999996,0.0013985112655963954,1071.5362547999998,2.6779648350975576,0.450902,0.0004472001788908399
300,1141.694507,6.68436414938288,0.47782,0.001386923357651753,1071.3732909999999,2.6879430553083923,0.4508392,0.00045079724932612676
301,1141.6431398,6.688723435172977,0.47780619999999996,0.0013864062031021041,1071.2185789999999,2.658673753812049,0.450788,0.0004421958841961305
302,1141.6254152000001,6.696004304207651,0.4777978,0.0013842643389179738,1071.052124,2.649652477593844,0.45072840000000003,0.00043640925746367615
303,1141.5524659999999,6.711164881778941,0.4777774000000001,0.0013831772988304857,1070.7954347999998,2.576028631833289,0.4506394,0.0004150646214747701
304,1141.5077391999998,6.6889931627194334,0.47776499999999994,0.0013748560651937372,1070.569751,2.6484233882097246,0.45056139999999995,0.000433766573170409
305,1141.491333,6.69620649555682,0.47775539999999994,0.0013775063847401964,1070.4217042,2.629101790921116,0.45050740000000006,0.000428196496949702
306,1141.4563722,6.69238885617313,0.47774199999999994,0.001374255289238484,1070.2495118,2.6640000993084594,0.45044439999999997,0.0004395086347274609
307,1141.4350098,6.690210258084954,0.4777354,0.0013735031998506483,1070.1030759999999,2.6374652255093607,0.4503908,0.00043319344408704254
308,1141.4185792,6.706296974213005,0.4777268,0.001373368908924332,1069.9166992,2.6494653859921975,0.45031940000000004,0.00044413628538996777
309,1141.399536,6.706163230654263,0.47772319999999996,0.0013767738231096512,1069.7912596,2.617069679707523,0.45027919999999994,0.0004305574990637191
310,1141.3622558,6.703340440752503,0.4777114,0.0013766108527830175,1069.6494874,2.602347963116744,0.45022320000000005,0.0004234876149310719
311,1141.3279052000003,6.726338855942959,0.4776994,0.001374193669029234,1069.4471432,2.5360621183336094,0.4501533999999999,0.0004068162238652802
312,1141.3133544,6.735146840518434,0.47769300000000003,0.001374146571512654,1069.2477052,2.518259563992416,0.45008099999999995,0.00040485207174966955
313,1141.2546144,6.772622996936244,0.47767579999999993,0.0013711741537820866,1069.0493408,2.41753622365645,0.4500164,0.0003784106763821552
314,1141.2245117999998,6.788296773615626,0.477668,0.0013713676385273175,1068.874365,2.3869319133050415,0.44995319999999994,0.0003752963628920466
315,1141.1980712,6.813029896422508,0.4776657999999999,0.0013762802621559416,1068.7336182,2.3507069600408808,0.4499026,0.00036728822469554994
316,1141.1876954,6.806074116391606,0.4776568,0.0013713255485113631,1068.5410646,2.335154320876061,0.4498372,0.0003726673583774112
317,1141.151294,6.807222139533935,0.4776452,0.0013696254086428274,1068.3594484,2.3455071796960905,0.44977999999999996,0.0003881736724714743
318,1141.1188964,6.795595092169302,0.4776396,0.0013668225342011366,1068.2321778,2.360418576720634,0.44973080000000004,0.00038924460176089574
319,1141.0948973999998,6.784070632095887,0.4776328,0.0013652357159113628,1068.0207764,2.3446787345762337,0.4496534,0.0003809018771284851
320,1141.0563473999998,6.794925978901645,0.4776212,0.0013667824113588907,1067.7862304000002,2.261212468343358,0.4495738,0.0003599691097858267
321,1141.0250486,6.781530215019916,0.4776114000000001,0.0013608848004147865,1067.5985108,2.2707320282151264,0.449512,0.000369938913876344
322,1140.9840088,6.771087307465404,0.47759779999999996,0.0013572768914263528,1067.420825,2.327739114770439,0.44944459999999997,0.00039301837107188
323,1140.9736818,6.772039739682201,0.4775944,0.0013552943001429699,1067.2288084000002,2.311413966145591,0.44937760000000004,0.0003969511808774583
324,1140.9231934,6.8024620799983975,0.47758019999999995,0.0013541802538805433,1067.0258790000003,2.2709389237637065,0.44930539999999997,0.00038824662265110827
325,1140.9223146,6.795771003912417,0.4775792,0.0013498311598122272,1066.8606934,2.2455667219617235,0.449247,0.0003847211977523514
326,1140.8941650000002,6.794007331928201,0.47757079999999996,0.001346193507635504,1066.6386476,2.265367911008675,0.44916219999999996,0.0004094813304657498
327,1140.8890624,6.796556634960139,0.477569,0.0013466231841164822,1066.5020261999998,2.236472121196097,0.4491098,0.00040074201177316924
328,1140.8622072000003,6.78463004259079,0.47756019999999993,0.0013432425544182322,1066.3105224,2.240878846516554,0.44904120000000003,0.00039883400055661767
329,1140.8161376,6.798176475769972,0.47754640000000004,0.0013449384521233725,1066.1094482,2.1814268770357357,0.4489762,0.00038040683484921885
330,1140.7845214,6.816377558969526,0.47753879999999993,0.001343194609876021,1066.0014894,2.161718830758796,0.4489374,0.00038277126328918696
331,1140.7256347999999,6.811911371752435,0.477521,0.0013450330850949457,1065.7749268,2.183530072909698,0.4488582,0.00039016786131098886
332,1140.6726562,6.791370311837199,0.4775108,0.0013363696195289618,1065.5612304,2.193506484896632,0.448784,0.0003895012195102914
333,1140.6507569999999,6.788384185357864,0.47750839999999994,0.001338092164239821,1065.4416258,2.2290250098641526,0.4487474000000001,0.00040062281512665167
334,1140.6198976,6.788500747156418,0.4775004,0.0013407067688350112,1065.2543214000002,2.2557914136278234,0.4486818,0.00041495561208398983
335,1140.5807128000001,6.7990704686722525,0.4774872,0.001349835752971453,1065.0539304,2.2033815642202965,0.44860920000000004,0.0003942397240258762
336,1140.5503908,6.767495664250909,0.4774812,0.0013441563004353303,1064.8830566000001,2.2572749975222752,0.44854779999999994,0.0004201135084712318
337,1140.5352784000002,6.768088798380407,0.4774728,0.0013416875046000838,1064.7232178000002,2.2638320564363257,0.4484952,0.00042710439005000844
338,1140.5300294,6.762050787919589,0.47746960000000005,0.0013409311093415689,1064.570825,2.265500939652912,0.44844039999999996,0.00043006539037685685
339,1140.5025146,6.761475554753594,0.4774586,0.0013359216444088432,1064.3653566,2.3257448431346797,0.44836479999999995,0.0004576843453735321
340,1140.4608885999999,6.754181436461338,0.4774514000000001,0.0013383785114832064,1064.1166748,2.3311487025876576,0.4482812,0.00046443660493116656
341,1140.427954,6.745637482798452,0.47744339999999996,0.0013348347613094348,1063.942676,2.373545918783614,0.44821999999999995,0.00047691634486563667
342,1140.4071532,6.756586527435433,0.477438,0.001338244521752298,1063.7455077999998,2.383620958526138,0.4481496,0.0004868772329859018
343,1140.3632567999998,6.729820652585725,0.47742520000000005,0.001331552237052676,1063.5576172,2.403896727817765,0.44808819999999994,0.0004914417157710442
344,1140.3499024,6.726741164954928,0.4774208,0.001332143595863447,1063.3991211999999,2.4229702509740094,0.4480312000000001,0.0004916866481815444
345,1140.3467532,6.7324621517369945,0.4774158,0.0013339304929418138,1063.2497314,2.382370216778374,0.4479772000000001,0.0004816647796964169
346,1140.2971923999999,6.755134338359421,0.4773998,0.0013299776539476118,1063.0477052,2.37745296693894,0.44790719999999995,0.00047575598787613334
347,1140.2743408000001,6.750534766223858,0.4773924,0.0013295792717999137,1062.868286,2.43101288162838,0.44784560000000007,0.0004949394306377174
348,1140.2635254000002,6.779023599452776,0.47739000000000004,0.0013318186062673961,1062.6391844,2.4280437256935117,0.4477602,0.0004955737684744773
349,1140.2283936,6.7755988375036225,0.4773828,0.0013302376329062428,1062.5125732,2.3906600785931333,0.4477144,0.0004805403625087068
350,1140.194043,6.762765491315092,0.4773752,0.0013293577998417254,1062.3757568,2.425862624321594,0.4476662,0.0004872770874974566
351,1140.1645508,6.764200800348274,0.4773644,0.0013344916035704511,1062.2001954,2.427202046863357,0.4476,0.0004874308156036001
352,1140.144873,6.7484980704177575,0.477356,0.0013347916691379197,1062.0578612,2.4567593039024906,0.4475472,0.000497545334617859
353,1140.133252,6.740141307290615,0.47735099999999997,0.0013361317300326333,1061.9295656,2.4662600873603857,0.4474946,0.0004957550201460336
354,1140.1081788,6.736130206668035,0.47734540000000003,0.0013336157767513098,1061.749878,2.4497241534302345,0.44743560000000004,0.000488900235221874
355,1140.087207,6.731400778578762,0.47733620000000004,0.0013304664445223878,1061.5446534,2.4386804465536054,0.4473592,0.00047239026238905097
356,1140.0555662000002,6.701251025822349,0.4773308,0.0013239033801603402,1061.3981446,2.466915910169932,0.44730600000000004,0.0004827533531732418
357,1140.0188964000001,6.706060224362045,0.4773222,0.0013237890164221808,1061.2130616,2.4748288025892005,0.4472404,0.0004873998768978065
358,1140.0061522,6.697603448280922,0.47731580000000007,0.0013164603146316237,1061.0065672,2.540663867154501,0.447169,0.0005085618939716294
359,1139.9799804,6.690449898735217,0.4773088,0.0013184320081065992,1060.8884032,2.5644602475264944,0.4471264,0.0005159211567671849
360,1139.9673096000001,6.693848575572342,0.4773042,0.0013173065550584583,1060.7038086,2.4759010250389637,0.4470632,0.000493208029131736
361,1139.9633544,6.684061131585843,0.4773032,0.0013202023178285902,1060.5995118,2.4755680842240206,0.4470244,0.000495367176950603
362,1139.9221923999999,6.659640980439411,0.4772958,0.0013190726136191326,1060.410547,2.5040860450306117,0.44696179999999996,0.0004965567037106521
363,1139.9019288000004,6.683468466907898,0.4772864,0.0013188752177518525,1060.2262696,2.4948772856244377,0.4468946000000001,0.0004930276260008094
364,1139.8809814,6.669123518708202,0.4772818,0.0013171307300340438,1060.0824217999998,2.485079359017274,0.4468399999999999,0.0004940983707724623
365,1139.8471926,6.661716429713848,0.477273,0.001313883860925304,1059.8886476000002,2.5114916390465445,0.446775,0.0004988133919613657
366,1139.8222414,6.6499682719678885,0.47726379999999996,0.0013116202804165469,1059.7680666,2.544119457465495,0.4467258,0.0005085486800690762
367,1139.7724854,6.669801857512193,0.477252,0.001312837994575112,1059.5668946,2.444541964451303,0.44665920000000003,0.00047817879501291336
368,1139.7521484000001,6.684801825451116,0.47724599999999995,0.0013185514779484406,1059.3675048,2.409346783925287,0.4465864,0.00045898784297625906
369,1139.7364502,6.6633948956383025,0.4772413999999999,0.0013138950643030868,1059.2468262,2.4058832006775788,0.4465414,0.00045264493811375376
370,1139.717749,6.663745996392154,0.4772342,0.001310224927254857,1059.0923584,2.3979248805508075,0.44649,0.0004596446453511576
371,1139.6962645999997,6.660529062554088,0.47722600000000004,0.0013122176648711825,1058.932837,2.4422897276452886,0.44642479999999995,0.00046117215874335183
372,1139.6730223999998,6.6584268275425185,0.4772178,0.0013174750699728667,1058.7913085999999,2.454894612323733,0.44637399999999994,0.0004593360425657972
373,1139.6340332,6.65383606868393,0.4772082,0.0013164800644142015,1058.611914,2.4247893814537886,0.44631099999999996,0.0004470360164461107
374,1139.6166991999999,6.6508654413600174,0.4772068000000001,0.0013093860240585965,1058.4829346,2.429296699036369,0.4462662,0.0004458620414433283
375,1139.591211,6.64004604195429,0.47719760000000006,0.0013013733668705567,1058.3461670000002,2.452591765866229,0.446218,0.0004583095024107568
376,1139.5753174,6.641707784183217,0.47719180000000005,0.001299824665099112,1058.2054444,2.4797006741715144,0.4461646,0.0004698678963283204
377,1139.5337157999998,6.659098426179172,0.477181,0.0013004065518136972,1058.0011719999998,2.452105035627368,0.4460908,0.00045604096307238964
378,1139.5262206000002,6.643391527296688,0.4771752,0.0012980783335377122,1057.8367186,2.417003739610204,0.44603080000000006,0.00044785417269463965
379,1139.5156250000002,6.663804907247139,0.4771696,0.0013014339168778552,1057.6606446,2.3919893998674104,0.44597239999999994,0.0004415489100881052
380,1139.4853518,6.655416550443617,0.477163,0.0012996127115414075,1057.479956,2.377467198575945,0.4459082,0.00043226445609141504
381,1139.4717284000003,6.6561142450877915,0.4771586,0.0012987932244972536,1057.3708984,2.3592304224194263,0.4458658,0.00042568081939406394
382,1139.4692382,6.671063332556518,0.47715399999999997,0.0013017784757784257,1057.2096192000001,2.376032360148915,0.44580539999999996,0.000428742626758765
383,1139.4694824,6.6832758411928,0.47714860000000003,0.0013014913906745616,1057.0433352,2.3877532262478307,0.4457466,0.00043013932626535426
384,1139.4609132,6.67687534346174,0.4771438,0.0012950104864440162,1056.8561278000002,2.3989497614140474,0.44567119999999993,0.0004479077583610298
385,1139.4526368000002,6.658474426919322,0.47713839999999996,0.0012896344598373533,1056.7006102,2.434723127693909,0.4456226,0.000449334886248542
386,1139.4490965999998,6.645525466932014,0.47713780000000006,0.001290223608526846,1056.5444579999998,2.414340994779855,0.44556700000000005,0.0004474411693172632
387,1139.439551,6.654344555473104,0.4771325999999999,0.0012867311451892403,1056.3776854,2.418083637697441,0.4455056,0.0004513232101277376
388,1139.4054443999999,6.648166822456519,0.47712239999999995,0.0012850764335244815,1056.23562,2.446063229104482,0.4454516,0.0004587707924443279
389,1139.3683594,6.639194954526499,0.4771116,0.0012827304627239483,1056.0243408000001,2.496238152103048,0.44538,0.00047493789067624395
390,1139.3239502000001,6.648789991003575,0.47709799999999997,0.0012840591886669392,1055.8007567999998,2.507542928427033,0.445299,0.0004810600794079748
391,1139.272876,6.633417614775944,0.47708459999999997,0.0012811650323045866,1055.5994384,2.494927455266094,0.4452286,0.00047079235337884603
392,1139.2625732,6.629373909096132,0.4770814,0.0012808426288970873,1055.46062,2.5203003969361313,0.44517660000000003,0.0004746407483560463
393,1139.2368164,6.618112952069984,0.4770796,0.001281678056299633,1055.2832276,2.552866142718093,0.445111,0.00048796106402048376
394,1139.1886961999999,6.669237168769878,0.47706659999999995,0.001290344543135669,1055.0638183999997,2.460266427128598,0.4450393999999999,0.00046986832197966794
395,1139.1331788000002,6.709756486324245,0.4770548,0.0012926430907253459,1054.8573244,2.4379960707166672,0.44497020000000004,0.0004721611589277601
396,1139.1176754,6.7167817785614945,0.4770474,0.0012912447637841605,1054.7218262000001,2.4502114508625805,0.4449248,0.0004714646964513823
397,1139.1039064000001,6.7215490745533755,0.47703999999999996,0.0012866752504031471,1054.5704591999997,2.39988987719148,0.4448696,0.00045452815094338273
398,1139.103711,6.720411919402371,0.47704019999999997,0.0012877275177614101,1054.4744871999999,2.399249760027422,0.44483259999999997,0.0004563531965484551
399,1139.0833493999999,6.713646594662344,0.477034,0.0012848940812378341,1054.3551023999999,2.394250119038286,0.4447868,0.0004513594576388175
400,1139.0775878,6.705594832242415,0.47703059999999997,0.0012825907531243239,1054.249756,2.418556373266237,0.44474739999999996,0.00045790243502301663
401,1139.0452878,6.720576004743727,0.4770238,0.0012870879379436352,1054.0760254000002,2.401778078618038,0.44468320000000006,0.00044507051126759336
402,1139.0357909999998,6.737744017762722,0.47701839999999995,0.0012901669039314329,1053.9386474,2.367376046899381,0.4446276,0.00043495130761958875
403,1139.0174315999998,6.7483717722085705,0.4770182,0.0012905900046103025,1053.7823242,2.382019909238978,0.44457240000000003,0.0004460581128059273
404,1139.0231689999998,6.753419734069088,0.4770212000000001,0.0012882761194712856,1053.6350828,2.4096162110912616,0.444517,0.0004616548494275683
405,1139.0048093999999,6.745263496222097,0.47701600000000005,0.0012921803279728476,1053.4740236000002,2.446031891947795,0.44445380000000007,0.0004716674252055193
406,1138.9757814,6.7051655504200145,0.4770092,0.0012851742916818666,1053.308252,2.503465384732075,0.4443988,0.00048673335616124214
407,1138.9541258000002,6.718812127624798,0.4770004,0.0012845473288283287,1053.1829346,2.455083945299521,0.44435459999999993,0.0004699385491742509
408,1138.9249756,6.709672832984575,0.4769962,0.0012863406080817087,1053.0365722000001,2.462679567217233,0.4443002,0.0004683470508074019
409,1138.9220215999999,6.712642809036538,0.4769952,0.0012862563352613772,1052.8848388000001,2.493232550383569,0.4442419999999999,0.00047996583211723916
410,1138.9168702,6.720053309999007,0.4769918000000001,0.0012865027633083435,1052.7916991999998,2.4916411377965075,0.44420899999999996,0.0004758352656119508
411,1138.8859862000002,6.716724303396303,0.4769824,0.0012835646614019816,1052.6158936,2.517350867241309,0.4441428,0.0004901585049756911
412,1138.8651856000001,6.73237671661221,0.4769696,0.00128773624628648,1052.4045654000001,2.5548388842628933,0.44406460000000003,0.0004949361979083744
413,1138.8530515999998,6.715958807293125,0.47696839999999996,0.0012875961478662492,1052.2789552,2.5331091075188783,0.4440168,0.0004837219862689758
414,1138.8375978,6.72490841325966,0.47696559999999993,0.0012905426145618012,1052.1095701999998,2.520399323421896,0.443952,0.0004772634492604686
415,1138.8264404,6.728542845869937,0.47695880000000007,0.0012928340032656851,1051.9892334,2.4924219236356886,0.4439058,0.0004655299775524755
416,1138.8257325999998,6.7296625285354565,0.4769578,0.0012924360564453572,1051.8702392,2.5077995589042694,0.44386200000000003,0.0004703275454404183
417,1138.8213624,6.722240253537896,0.4769553999999999,0.0012885738783632147,1051.7242431999998,2.5568750867232755,0.44381139999999997,0.0004808336926630768
418,1138.7825926,6.724696396904928,0.47694559999999997,0.0012866876233181104,1051.5618164,2.5855064770902945,0.44375939999999997,0.0004939589456625011
419,1138.769629,6.711215543516888,0.4769392,0.0012883014243568953,1051.4210694,2.5752709572162216,0.4437068,0.0004950351098659561
420,1138.7309328000001,6.693287088740954,0.4769272,0.001281205900704499,1051.2256348,2.5924671774913697,0.4436408,0.0005093047810496236
421,1138.7131592,6.695372932379603,0.4769242,0.001275908053113543,1051.1065674000001,2.6226251788947277,0.4436002,0.0005188565890494171
422,1138.7103026,6.686937634819821,0.4769232,0.0012730083110490695,1050.9593748,2.6002117511168024,0.4435458,0.0005176761149599305
423,1138.694629,6.686334368050818,0.47691560000000005,0.001275148399206936,1050.7585450000001,2.604710955882765,0.443478,0.0005250752327047959
424,1138.6997804,6.69136253698075,0.47691479999999997,0.0012750542576690533,1050.6126954000001,2.5583509132532734,0.44342139999999997,0.0005075409737154321
425,1138.6694826,6.694729288265386,0.4769044,0.0012727990571963878,1050.4392334,2.605742179412736,0.44335420000000003,0.0005171508097257554
426,1138.675293,6.685307996666009,0.4769042,0.001273050258238074,1050.2957030000002,2.584623725865755,0.44330700000000006,0.0005121003807848508
427,1138.6729490000002,6.683933328820128,0.4769032,0.0012723580313732474,1050.2222900000002,2.586820754781418,0.4432792,0.0005159559671134628
428,1138.6507082,6.680514094094761,0.476894,0.0012765307673534444,1050.0728518,2.6195544790135505,0.44322819999999996,0.0005208863215712151
429,1138.6378905999998,6.687663923653755,0.476891,0.0012806445252293915,1049.947583,2.665001217978159,0.44318460000000004,0.0005441847480405838
430,1138.6038328,6.696300292699795,0.4768788,0.0012842581360458705,1049.8068116,2.6728822275458635,0.4431322,0.0005527185178732577
431,1138.5919924000002,6.711278346850474,0.47687559999999996,0.001284661605248633,1049.6672852,2.6726541148689784,0.44308,0.0005497064671258637
432,1138.5901858000002,6.697027143149281,0.4768752,0.0012832323873718304,1049.5334716,2.7080830319944575,0.44303099999999995,0.0005622060120631887
433,1138.582202,6.714375768502102,0.4768738,0.001285075935499534,1049.3660644,2.685066834430593,0.44297059999999994,0.000551248256233064
434,1138.5705567999998,6.729336670566958,0.4768682,0.0012837388207887178,1049.1894775999997,2.6186605110577417,0.44291159999999996,0.0005287788195455722
435,1138.5594482000001,6.729901819377371,0.47686220000000007,0.0012842777581193292,1049.0658692000002,2.623605415957091,0.44286760000000003,0.0005314552097778266
436,1138.5376708,6.704046398305833,0.4768534,0.0012773943165679108,1048.9131593999998,2.6903431200968986,0.4428154,0.0005487978134067237
437,1138.5299316,6.703813928518492,0.4768548,0.001276171054365374,1048.7758544000003,2.712030030795116,0.442769,0.0005592884765485437
438,1138.513086,6.705358941965649,0.47685079999999996,0.0012736814986487096,1048.6345214,2.692204894259754,0.4427182,0.000561575426812826
439,1138.5064698,6.677206202366493,0.47684899999999997,0.0012718696474088953,1048.4993894,2.7096392699992293,0.442671,0.0005629134924657606
440,1138.5157472,6.673747332795459,0.47684800000000005,0.0012683073759936986,1048.3801268,2.714285814146598,0.4426262,0.000559039676588358
441,1138.502954,6.669101021002426,0.4768484,0.0012608242700709773,1048.2317138,2.7382308633415033,0.44256719999999994,0.0005711319987533551
442,1138.4890382,6.664416902345707,0.4768466,0.0012577976943849139,1048.074463,2.70178543826687,0.442509,0.000559930709999019
443,1138.4706542,6.65828081245304,0.47684699999999997,0.0012558394801884477,1047.9468994000001,2.7040388757769382,0.4424596,0.000567063171084148
444,1138.4568359999998,6.668709502219586,0.47684540000000003,0.001255324436151858,1047.8089599999998,2.680561895731205,0.44240759999999996,0.0005528350929526824
445,1138.4443113999998,6.666158552786397,0.47684160000000003,0.0012515524120067958,1047.6579592,2.700537517607487,0.4423498,0.0005606297887197968
446,1138.4405030000003,6.673773129454319,0.47684099999999996,0.0012551007927652624,1047.521045,2.6943731557233748,0.44230079999999994,0.0005598219002504197
447,1138.4155759999999,6.671152609955453,0.4768392,0.0012533984841222577,1047.355127,2.700054497278789,0.4422426,0.000556208809710885
448,1138.3969728,6.67037188309078,0.4768308,0.0012607084357614219,1047.2052245999998,2.698815559490878,0.44218339999999995,0.0005521357079559355
449,1138.3729004000002,6.675012147529237,0.4768266,0.0012571358876430265,1047.0973876,2.7252724226845406,0.44214580000000003,0.0005596257320745594
450,1138.3482422000002,6.658997321922377,0.47682339999999995,0.0012541331029838967,1046.9547852,2.747863443211203,0.4420942,0.0005659460751697084
451,1138.3073971999997,6.684010297149367,0.4768172,0.0012542973172258742,1046.7848146,2.747692348342105,0.44203539999999997,0.0005628582770111906
452,1138.3079346,6.6850497171137135,0.476819,0.0012517439035202125,1046.642627,2.7450907001098557,0.4419866,0.000562510657676814
453,1138.2927975999999,6.6841456171113585,0.476816,0.00125622736795534,1046.5211916,2.7638389546418223,0.4419406,0.0005694539840935236
454,1138.2768554,6.672656384509137,0.4768116,0.0012571883868378608,1046.3903564,2.7505686109952117,0.44189259999999997,0.0005641877701616701
455,1138.2707274,6.679870786661711,0.4768088,0.0012594024614871967,1046.2558350000002,2.6781885039797593,0.44184219999999996,0.0005372725193046901
456,1138.23479,6.694770750086521,0.47680219999999995,0.001265064014190579,1046.08457,2.7036584246975246,0.441784,0.0005417497577295327
457,1138.1972656,6.717432158184772,0.4767944,0.0012695970384338495,1045.9494142,2.699893728619933,0.44173680000000004,0.0005396289095295129
458,1138.1959474,6.727249310691154,0.47679499999999997,0.0012734655079742192,1045.8527586,2.7157451264162997,0.44170239999999994,0.0005476501072765416
459,1138.1656005999998,6.756097578718581,0.47678839999999995,0.0012767177605093553,1045.6946288,2.7206074861341367,0.4416466,0.0005556580243279037
460,1138.1528076,6.776318271266442,0.476786,0.0012780517986372992,1045.5380128,2.690470469282287,0.44159299999999996,0.0005484921148020232
461,1138.1398193999999,6.778581440593901,0.4767836,0.001280353638648325,1045.385596,2.761195051990182,0.44153719999999996,0.0005735654801328345
462,1138.1436766,6.786468505493199,0.4767792,0.0012855786868177451,1045.2029784,2.76128325712596,0.44146539999999995,0.000572539815209384
463,1138.1073487999997,6.8080340658680045,0.47677379999999997,0.001284748597975485,1045.0748048,2.7357905881546984,0.4414198,0.000564009007020293
464,1138.1146973999998,6.813037665693955,0.47677240000000004,0.001284523662685906,1044.9092042,2.7370863048284955,0.44135460000000004,0.000568581603641897
465,1138.1028317999999,6.816140847624276,0.4767664,0.0012859904509754266,1044.7948973999999,2.757779145467231,0.44131040000000005,0.0005713316374926201
466,1138.0920899999999,6.816837342902887,0.47676240000000003,0.0012865111892245756,1044.6290526,2.72258447936532,0.4412554,0.0005560358261838842
467,1138.084668,6.815660838799178,0.47676159999999995,0.0012831364074018098,1044.5012206000001,2.688238105665401,0.4412054,0.0005410917112652901
468,1138.0848146,6.8089980408368715,0.4767602,0.0012819317298514766,1044.3666502,2.6731004433281416,0.441159,0.0005367565556190279
469,1138.0728759999997,6.787609440377617,0.47675540000000005,0.001279465763512253,1044.2093262,2.6694916824787467,0.44110259999999996,0.0005350796576211865
470,1138.0720458,6.792417111886491,0.4767544,0.0012756539656192162,1044.0737794000001,2.669826839184115,0.44105479999999997,0.0005324488332225019
471,1138.0390622,6.782814362362647,0.4767492,0.0012722157678632952,1043.9138672000001,2.7017389061905277,0.4409974,0.0005430744332041385
472,1138.0052246,6.787265064134352,0.47674020000000006,0.0012735241497513925,1043.7511473999998,2.661180820196692,0.4409382,0.0005336348564327385
473,1137.9763186,6.767490148191955,0.47673439999999995,0.0012711008771926758,1043.6281008,2.689487107219773,0.44089520000000004,0.0005392896809693177
474,1137.967163,6.762771867986142,0.47673319999999997,0.001268883193993843,1043.483496,2.7247782228216453,0.4408462,0.0005497742809553839
475,1137.9464842,6.76523094850989,0.47673179999999993,0.001270196110842734,1043.3311768,2.703853013730727,0.44079060000000003,0.0005416591548197136
476,1137.9398194,6.78067455270521,0.4767332000000001,0.0012734302336602445,1043.215161,2.674339824310256,0.4407498,0.0005339450908099103
477,1137.9547606,6.7691441490880315,0.47673419999999994,0.0012724210623846154,1043.053125,2.69364868585289,0.4406928,0.0005364928331301297
478,1137.9401853999998,6.7635623006927545,0.47672939999999997,0.0012676721342681563,1042.9134276,2.6892160696424128,0.4406458,0.000533704187729489
479,1137.929639,6.7645944004161125,0.4767277999999999,0.0012670062983268793,1042.7920656000001,2.6361650396670995,0.4405992,0.0005169782974168257
480,1137.9259034000002,6.771869462903069,0.47672559999999997,0.001268596799617595,1042.6530520000001,2.633471166533799,0.4405508,0.0005149343259096275
481,1137.9364013999998,6.760294311344209,0.47672880000000006,0.0012681424841081432,1042.4968506,2.703683139016835,0.4404904,0.0005414146654829346
482,1137.9447022,6.755033666095212,0.47672600000000004,0.0012663204965568486,1042.3079102,2.7152718740557136,0.4404222,0.000549649852178635
483,1137.9302492000002,6.775320778197212,0.47672040000000004,0.00126714539023745,1042.1776121999999,2.7061946319141743,0.4403786,0.0005465954994326364
484,1137.912329,6.784565251503654,0.47671660000000005,0.001265990774058001,1042.0143798,2.7018527733992372,0.44032340000000003,0.0005449835226867099
485,1137.9130126,6.789653260549697,0.4767168,0.001266516229663085,1041.9188476,2.6810591969661943,0.44028539999999994,0.0005399154007805246
486,1137.9008301999997,6.803375360764333,0.47671260000000004,0.0012662100299713377,1041.7746582,2.6503292756388914,0.4402348,0.0005314867448958597
487,1137.8917477999998,6.805097459679801,0.4767132,0.0012654032400780566,1041.6377932,2.642418393108868,0.44018759999999996,0.0005304992365687259
488,1137.8690186,6.803221725546078,0.4767082,0.0012707445691404653,1041.4631836,2.6072727345371507,0.4401222000000001,0.0005236202440700811
489,1137.8717528,6.7849787157232555,0.4767068,0.0012637978319335775,1041.3283692,2.610971489921919,0.44007000000000007,0.0005228211931435036
490,1137.8644775999999,6.789428667190941,0.4767028,0.0012631160516753791,1041.2061036,2.6121263184771912,0.4400262,0.0005190893564695819
491,1137.8534178,6.792131436973025,0.47669740000000005,0.0012616957794967724,1041.0713624,2.605007889741462,0.4399748,0.0005174786565646972
492,1137.8726562000002,6.790298640722009,0.47670120000000005,0.0012614761828905108,1040.9128418,2.5969610853636707,0.4399136,0.0005171555278637146
493,1137.8768068000002,6.795228303319679,0.47670440000000003,0.0012612012686324034,1040.8127929999998,2.5833612361025042,0.4398752,0.0005147350386363898
494,1137.8651612,6.799524716351596,0.47669839999999997,0.0012616780254882725,1040.5966064,2.610113964261384,0.4397934,0.0005187757126157639
495,1137.8799072000002,6.797109612214661,0.47670500000000005,0.0012595327705145387,1040.4435788,2.637700386718966,0.43973499999999993,0.0005279814390676943
496,1137.8928712000002,6.823355405623377,0.47670700000000005,0.0012634623856688364,1040.3365966,2.6506905146637703,0.4396934,0.0005332273811424203
497,1137.8744384,6.824858865896209,0.47670179999999995,0.0012611856960812644,1040.187305,2.6356472263040893,0.4396386,0.0005285268583525338
498,1137.8651854,6.829416453082957,0.47670139999999994,0.001262383238165014,1040.079712,2.6925347346445925,0.4395962,0.0005490261924535066
499,1137.8625486,6.811885869059763,0.47669480000000003,0.0012553981679132632,1039.9143067999998,2.6890620220067563,0.4395334,0.0005495760547913226
500,1137.8322021999998,6.786255947793529,0.4766932,0.0012484334824090517,1039.7244384,2.742175130916478,0.43946379999999996,0.0005678730139740757
501,1137.8222168,6.808086961968427,0.4766886,0.0012559002508161254,1039.5783202,2.703690411125503,0.43941040000000003,0.0005519070936307991
502,1137.8011966,6.811389765152271,0.4766832,0.0012550441267142783,1039.4246093999998,2.699201850831258,0.43935759999999996,0.0005502278073670984
503,1137.7777099999998,6.803289364154962,0.47668,0.00125587929356288,1039.2861816,2.7205105742596323,0.4393084,0.0005581643485569466
504,1137.7565427999998,6.798566406988297,0.47667859999999995,0.0012530750336671751,1039.1343262000003,2.7419629256585,0.43925580000000003,0.0005657647567673226
505,1137.7730958,6.800799118793136,0.4766802,0.0012553490988565768,1038.9895018,2.7851571967255118,0.43920519999999996,0.0005825188065633439
506,1137.7590332,6.787260064799243,0.4766744,0.0012514349523646798,1038.8824950000003,2.7797329344473747,0.43916199999999994,0.0005832402592414168
507,1137.75437,6.77779845891086,0.4766726,0.0012515599226565269,1038.7569582,2.7664372931387184,0.4391166,0.0005818091095883631
508,1137.7610108000001,6.76716862736531,0.47667380000000004,0.0012557865105184047,1038.6196776000002,2.8120798183359472,0.43906599999999996,0.0005941962638724538
509,1137.7340087999999,6.78394778842759,0.4766686,0.0012619688744180601,1038.496924,2.849225151302308,0.4390214,0.0006088239811308466
510,1137.7124754000001,6.800924013579924,0.4766656,0.0012651721780058264,1038.3574217999999,2.8142677444774593,0.4389684,0.0005969588260508479
511,1137.6980958,6.808036367232051,0.4766618,0.0012653376466382265,1038.2234374,2.8042906824769736,0.4389206,0.0005921957784381755
512,1137.6876465999999,6.805448807190077,0.476659,0.0012631511390170265,1038.0984374,2.781972685017408,0.43887600000000004,0.000593229466564154
513,1137.6814451999999,6.7925414280141805,0.476657,0.001259119851324714,1037.9711426000001,2.819331231611132,0.4388244,0.0006048687791579283
514,1137.6779784,6.8085582363338375,0.47665379999999996,0.0012631785938654883,1037.8814696,2.8197594604757596,0.4387912,0.00060470336529575
515,1137.6709228,6.799800540504777,0.4766496,0.001258648894648539,1037.7852782000002,2.812189979761234,0.438758,0.0006013960425543138
516,1137.6602538,6.798276812556468,0.47664439999999997,0.0012581689234756868,1037.602319,2.8094486238219507,0.4386926,0.0005998915235273677
517,1137.6449951999998,6.791647298251645,0.4766394,0.001253443193766665,1037.4058594000003,2.8273143103963587,0.4386254,0.0006018021601822339
518,1137.655005,6.786683141502305,0.47663960000000005,0.001249433087444068,1037.2291506,2.766552975567957,0.438562,0.0005823665512372832
519,1137.6380126,6.78089296868848,0.47663700000000003,0.00125106114958462,1037.057544,2.7280085923648167,0.43849520000000003,0.0005708300622777228
520,1137.6113036,6.765967459638697,0.47662440000000006,0.0012481781283134132,1036.895752,2.7375887751291508,0.4384444,0.0005707695156540771
521,1137.5822510000003,6.765839822393871,0.4766176000000001,0.0012509504546543845,1036.7495606,2.7739735657395093,0.43838959999999993,0.0005791671952035974
522,1137.5891358,6.758911229980759,0.47661699999999996,0.0012513507901464015,1036.6345706,2.783008913493208,0.4383426,0.000578610611724313
523,1137.5752438,6.76379401700361,0.47661220000000004,0.001252111720255023,1036.5475827999999,2.8206408274418666,0.43831,0.000592456580687569
524,1137.5559082,6.7473171879730565,0.47660660000000005,0.0012502744658673985,1036.4483398,2.8256003901137845,0.43826960000000004,0.0005925890987859928
525,1137.5624997999998,6.764296322348849,0.47659899999999994,0.0012467275564452675,1036.2924071999998,2.8257906040523295,0.4382172,0.0006049814542611956
526,1137.5583984,6.750004385655975,0.4765986,0.0012444832823304628,1036.1646239999998,2.817988661582249,0.43817019999999995,0.000598356214975668
527,1137.5684572,6.741392196209269,0.4765996,0.001240618329704996,1036.0470704,2.8315575032936966,0.438129,0.0005998776541929287
528,1137.56792,6.746940518526934,0.4765976,0.0012413445291295996,1035.8752929999998,2.814004416086729,0.4380606,0.0005927207099469382
529,1137.5438234,6.741836127063968,0.47658959999999995,0.0012367327277953005,1035.6789062,2.8219299169963423,0.4379904,0.000596249813417163
530,1137.550708,6.725981659420254,0.4765912,0.0012367357680604313,1035.5710204000002,2.817919510741954,0.43795399999999995,0.000595193077916738
531,1137.5311278000001,6.726325831447764,0.476586,0.001239656888013774,1035.4110349999999,2.8368074547836946,0.43789619999999996,0.0006061855821446059
532,1137.5258787999999,6.710828756473693,0.47658380000000006,0.00123940976275,1035.2708984,2.877521005251972,0.4378426,0.0006176033030999726
533,1137.5227294000001,6.696284549823961,0.4765828,0.001237030864610903,1035.0957030000002,2.885837112285729,0.43777419999999995,0.0006207261554018725
534,1137.5077394,6.710518908972462,0.4765826000000001,0.0012353881333410862,1034.9854002,2.8897700299505797,0.4377352,0.0006266525033860401
535,1137.4962401999999,6.696870558283137,0.4765834,0.0012333579529074181,1034.8677734,2.8583432931573,0.4376912,0.0006145965831340051
536,1137.4777832,6.69712742699077,0.4765836,0.0012377251067987702,1034.6884765999998,2.8947674629558335,0.43762660000000003,0.000629074431208273
537,1137.4752198,6.698427943278011,0.4765822,0.0012337982655199339,1034.5564698,2.8510679564763275,0.437575,0.0006134711077141271
538,1137.4629393999999,6.6949180497746985,0.47658180000000006,0.001234044148318859,1034.3829834,2.8571902369621394,0.43751639999999997,0.0006172255989506674
539,1137.464136,6.684207466122287,0.47658580000000006,0.0012380263971337683,1034.2313722000001,2.819807212145443,0.43746039999999997,0.0006043848442838457
540,1137.4437744000002,6.704008712651803,0.47658300000000003,0.001239467789012697,1034.1109617999998,2.798270346013519,0.4374192,0.0005994375363622216
541,1137.4325684,6.6875348916214135,0.4765828,0.0012357591027380747,1033.991162,2.816450634331653,0.43737339999999997,0.0006062506412367701
542,1137.4246828,6.691296652013681,0.4765836,0.0012412721861058582,1033.8843262,2.83098964256819,0.4373332,0.000609245566253871
543,1137.433423,6.695774806575399,0.476586,0.0012415590199422563,1033.756543,2.8460368276232524,0.4372852,0.000613868194321879
544,1137.4134276,6.686321695224102,0.4765824,0.0012428305757423287,1033.6510744000002,2.8331922343286835,0.43724760000000007,0.0006074407296189548
545,1137.4131592,6.679572435467799,0.4765802,0.0012427125814121335,1033.5347654,2.865055158373235,0.4372058,0.0006160592179328159
546,1137.3964112,6.6760431736565895,0.4765778,0.0012411145636080487,1033.4582762,2.8903577911728124,0.43717480000000003,0.0006259359072620857
547,1137.3919434000002,6.672905593851725,0.4765802,0.0012419668916682188,1033.3327394,2.887891999750305,0.4371282000000001,0.0006271757010599128
548,1137.3887206,6.671000185853103,0.47658000000000006,0.0012442845333765034,1033.195093,2.8967005179578518,0.4370806,0.0006284217055449422
549,1137.3844482,6.67434865377613,0.47658120000000004,0.0012461074432006242,1033.0538574,2.8334131288617033,0.4370248,0.0006088859991821145
550,1137.3927978,6.6684949668041025,0.4765829999999999,0.0012437318038869946,1032.9374268,2.802910733220138,0.43698139999999996,0.0005961431371742865
551,1137.3784911999999,6.68183373726948,0.47658200000000006,0.0012475579345264925,1032.7552,2.7693369485852863,0.4369184,0.0005948033624652805
552,1137.3911133999998,6.674181624506971,0.47658320000000004,0.0012494063230190616,1032.5919434,2.7417704986281755,0.43685640000000003,0.0005834146381434051
553,1137.3949952,6.667765848014451,0.4765842,0.0012449394202128914,1032.4715332,2.7785024268903777,0.43681200000000003,0.0005934094707704027
554,1137.3899657999998,6.669050526211228,0.4765828000000001,0.0012475357149196156,1032.3633788,2.7922820989266923,0.4367744,0.0005955060369131524
555,1137.3564208,6.650868166487928,0.47657720000000003,0.0012445107311710895,1032.200342,2.851964938211345,0.4367236,0.000605542269375142
556,1137.3547852,6.663667649077773,0.4765748,0.001250709782483533,1032.0373048000001,2.8482918246195497,0.4366648000000001,0.0006063172107073989
557,1137.3476562,6.670177019440678,0.47657059999999996,0.0012511800190220463,1031.9425292,2.8325500816408815,0.4366306,0.0006026895054669533
